USE QuanLyHocTap;
GO

SET NOCOUNT ON;
GO

PRINT N'Bắt đầu kiểm tra các trigger.';
GO

PRINT N'===============================';
PRINT N'1. TRG_CHECK_TEACHER_LOPHOC';
PRINT N'===============================';
GO

BEGIN TRY
	BEGIN TRAN;
	SET IDENTITY_INSERT LOPHOC ON;
	INSERT INTO LOPHOC (MALH, MAMH, MAND, TENLH, SOSVTOIDA, LOAILH, TRANGTHAI, NGAYBATDAU, NGAYKETTHUC)
	VALUES (9001, 1, 15, N'Lớp kiểm tra giáo viên - hợp lệ', 30, N'Online', N'Đang mở', '2025-01-05', '2025-03-05');
	SET IDENTITY_INSERT LOPHOC OFF;
	PRINT N'Kết quả thành công: giáo viên được phép tạo lớp học.';
	ROLLBACK TRAN;
END TRY
BEGIN CATCH
	SET IDENTITY_INSERT LOPHOC OFF;
	PRINT N'Lỗi không mong muốn ở test thành công của TRG_CHECK_TEACHER_LOPHOC: ' + ERROR_MESSAGE();
	IF XACT_STATE() <> 0 ROLLBACK TRAN;
END CATCH;
GO

BEGIN TRY
	BEGIN TRAN;
	SET IDENTITY_INSERT LOPHOC ON;
	INSERT INTO LOPHOC (MALH, MAMH, MAND, TENLH, SOSVTOIDA, LOAILH, TRANGTHAI, NGAYBATDAU, NGAYKETTHUC)
	VALUES (9002, 1, 108, N'Lớp kiểm tra giáo viên - không hợp lệ', 30, N'Online', N'Đang mở', '2025-01-05', '2025-03-05');
	SET IDENTITY_INSERT LOPHOC OFF;
	PRINT N'Lỗi: lẽ ra phải bị chặn vì người tạo không phải giáo viên.';
	ROLLBACK TRAN;
END TRY
BEGIN CATCH
	SET IDENTITY_INSERT LOPHOC OFF;
	PRINT N'Kết quả thất bại mong đợi: ' + ERROR_MESSAGE();
	IF XACT_STATE() <> 0 ROLLBACK TRAN;
END CATCH;
GO

PRINT N'===============================';
PRINT N'2. TRG_CHECK_TEACHER_BAITAP';
PRINT N'===============================';
GO

BEGIN TRY
	BEGIN TRAN;
	SET IDENTITY_INSERT BAITAP ON;
	INSERT INTO BAITAP (MABT, MALH, MAND, TIEUDE, NOIDUNG, HANNOP, NGAYTAO, DIEMTOIDA)
	VALUES (9003, 1, 15, N'Bài tập kiểm tra giáo viên - hợp lệ', N'Nội dung kiểm tra.', '2025-01-15', '2025-01-05T08:00:00', 10);
	SET IDENTITY_INSERT BAITAP OFF;
	PRINT N'Kết quả thành công: giáo viên được phép tạo bài tập.';
	ROLLBACK TRAN;
END TRY
BEGIN CATCH
	SET IDENTITY_INSERT BAITAP OFF;
	PRINT N'Lỗi không mong muốn ở test thành công của TRG_CHECK_TEACHER_BAITAP: ' + ERROR_MESSAGE();
	IF XACT_STATE() <> 0 ROLLBACK TRAN;
END CATCH;
GO

BEGIN TRY
	BEGIN TRAN;
	SET IDENTITY_INSERT BAITAP ON;
	INSERT INTO BAITAP (MABT, MALH, MAND, TIEUDE, NOIDUNG, HANNOP, NGAYTAO, DIEMTOIDA)
	VALUES (9004, 1, 108, N'Bài tập kiểm tra giáo viên - không hợp lệ', N'Nội dung kiểm tra.', '2025-01-15', '2025-01-05T08:00:00', 10);
	SET IDENTITY_INSERT BAITAP OFF;
	PRINT N'Lỗi: lẽ ra phải bị chặn vì người tạo không phải giáo viên.';
	ROLLBACK TRAN;
END TRY
BEGIN CATCH
	SET IDENTITY_INSERT BAITAP OFF;
	PRINT N'Kết quả thất bại mong đợi: ' + ERROR_MESSAGE();
	IF XACT_STATE() <> 0 ROLLBACK TRAN;
END CATCH;
GO

PRINT N'===============================';
PRINT N'3. TRG_CHECK_TEACHER_TAILIEU';
PRINT N'===============================';
GO

BEGIN TRY
	BEGIN TRAN;
	SET IDENTITY_INSERT TAILIEU ON;
	INSERT INTO TAILIEU (MATL, TENTL, MAND, MALH, TIEUDE, NOIDUNG, NGAYTAO)
	VALUES (9005, N'Tài liệu kiểm tra giáo viên - hợp lệ', 15, 1, N'Tài liệu hợp lệ', N'Nội dung kiểm tra.', '2025-01-05T08:00:00');
	SET IDENTITY_INSERT TAILIEU OFF;
	PRINT N'Kết quả thành công: giáo viên được phép tạo tài liệu.';
	ROLLBACK TRAN;
END TRY
BEGIN CATCH
	SET IDENTITY_INSERT TAILIEU OFF;
	PRINT N'Lỗi không mong muốn ở test thành công của TRG_CHECK_TEACHER_TAILIEU: ' + ERROR_MESSAGE();
	IF XACT_STATE() <> 0 ROLLBACK TRAN;
END CATCH;
GO

BEGIN TRY
	BEGIN TRAN;
	SET IDENTITY_INSERT TAILIEU ON;
	INSERT INTO TAILIEU (MATL, TENTL, MAND, MALH, TIEUDE, NOIDUNG, NGAYTAO)
	VALUES (9006, N'Tài liệu kiểm tra giáo viên - không hợp lệ', 108, 1, N'Tài liệu không hợp lệ', N'Nội dung kiểm tra.', '2025-01-05T08:00:00');
	SET IDENTITY_INSERT TAILIEU OFF;
	PRINT N'Lỗi: lẽ ra phải bị chặn vì người tạo không phải giáo viên.';
	ROLLBACK TRAN;
END TRY
BEGIN CATCH
	SET IDENTITY_INSERT TAILIEU OFF;
	PRINT N'Kết quả thất bại mong đợi: ' + ERROR_MESSAGE();
	IF XACT_STATE() <> 0 ROLLBACK TRAN;
END CATCH;
GO

PRINT N'===============================';
PRINT N'4. TRG_CHECK_TEACHER_THONGBAO';
PRINT N'===============================';
GO

BEGIN TRY
	BEGIN TRAN;
	SET IDENTITY_INSERT THONGBAO ON;
	INSERT INTO THONGBAO (MATB, MALH, MAND, TIEUDE, NOIDUNG, NGAYTAO)
	VALUES (9007, 1, 15, N'Thông báo kiểm tra giáo viên - hợp lệ', N'Nội dung thông báo hợp lệ.', '2025-01-05T08:00:00');
	SET IDENTITY_INSERT THONGBAO OFF;
	PRINT N'Kết quả thành công: giáo viên được phép tạo thông báo.';
	ROLLBACK TRAN;
END TRY
BEGIN CATCH
	SET IDENTITY_INSERT THONGBAO OFF;
	PRINT N'Lỗi không mong muốn ở test thành công của TRG_CHECK_TEACHER_THONGBAO: ' + ERROR_MESSAGE();
	IF XACT_STATE() <> 0 ROLLBACK TRAN;
END CATCH;
GO

BEGIN TRY
	BEGIN TRAN;
	SET IDENTITY_INSERT THONGBAO ON;
	INSERT INTO THONGBAO (MATB, MALH, MAND, TIEUDE, NOIDUNG, NGAYTAO)
	VALUES (9008, 1, 108, N'Thông báo kiểm tra giáo viên - không hợp lệ', N'Nội dung thông báo không hợp lệ.', '2025-01-05T08:00:00');
	SET IDENTITY_INSERT THONGBAO OFF;
	PRINT N'Lỗi: lẽ ra phải bị chặn vì người tạo không phải giáo viên.';
	ROLLBACK TRAN;
END TRY
BEGIN CATCH
	SET IDENTITY_INSERT THONGBAO OFF;
	PRINT N'Kết quả thất bại mong đợi: ' + ERROR_MESSAGE();
	IF XACT_STATE() <> 0 ROLLBACK TRAN;
END CATCH;
GO

PRINT N'===============================';
PRINT N'5. TRG_CHECK_SOSV';
PRINT N'===============================';
GO

BEGIN TRY
	BEGIN TRAN;
	SET IDENTITY_INSERT LOPHOC ON;
	INSERT INTO LOPHOC (MALH, MAMH, MAND, TENLH, SOSVTOIDA, LOAILH, TRANGTHAI, NGAYBATDAU, NGAYKETTHUC)
	VALUES (9010, 1, 15, N'Lớp kiểm tra sĩ số - hợp lệ', 1, N'Online', N'Đang mở', '2025-02-01', '2025-04-01');
	SET IDENTITY_INSERT LOPHOC OFF;

	SET IDENTITY_INSERT THAMGIALOP ON;
	INSERT INTO THAMGIALOP (MATHAMGIA, MALH, MAND, NGAYDANGKY, TRANGTHAI)
	VALUES (9011, 9010, 108, '2025-02-02T08:00:00', N'Đang học');
	SET IDENTITY_INSERT THAMGIALOP OFF;

	PRINT N'Kết quả thành công: lớp học nhận đúng số lượng học viên tối đa.';
	ROLLBACK TRAN;
END TRY
BEGIN CATCH
	SET IDENTITY_INSERT LOPHOC OFF;
	SET IDENTITY_INSERT THAMGIALOP OFF;
	PRINT N'Lỗi không mong muốn ở test thành công của TRG_CHECK_SOSV: ' + ERROR_MESSAGE();
	IF XACT_STATE() <> 0 ROLLBACK TRAN;
END CATCH;
GO

BEGIN TRY
	BEGIN TRAN;
	SET IDENTITY_INSERT LOPHOC ON;
	INSERT INTO LOPHOC (MALH, MAMH, MAND, TENLH, SOSVTOIDA, LOAILH, TRANGTHAI, NGAYBATDAU, NGAYKETTHUC)
	VALUES (9012, 1, 15, N'Lớp kiểm tra sĩ số - không hợp lệ', 1, N'Online', N'Đang mở', '2025-02-01', '2025-04-01');
	SET IDENTITY_INSERT LOPHOC OFF;

	SET IDENTITY_INSERT THAMGIALOP ON;
	INSERT INTO THAMGIALOP (MATHAMGIA, MALH, MAND, NGAYDANGKY, TRANGTHAI)
	VALUES (9013, 9012, 108, '2025-02-02T08:00:00', N'Đang học');

	INSERT INTO THAMGIALOP (MATHAMGIA, MALH, MAND, NGAYDANGKY, TRANGTHAI)
	VALUES (9014, 9012, 109, '2025-02-02T08:05:00', N'Đang học');
	SET IDENTITY_INSERT THAMGIALOP OFF;

	PRINT N'Lỗi: lẽ ra phải bị chặn vì lớp đã đủ số lượng học viên.';
	ROLLBACK TRAN;
END TRY
BEGIN CATCH
	SET IDENTITY_INSERT LOPHOC OFF;
	SET IDENTITY_INSERT THAMGIALOP OFF;
	PRINT N'Kết quả thất bại mong đợi: ' + ERROR_MESSAGE();
	IF XACT_STATE() <> 0 ROLLBACK TRAN;
END CATCH;
GO

PRINT N'===============================';
PRINT N'6. TRG_CANHBAO_DIEM';
PRINT N'===============================';
GO

BEGIN TRY
	BEGIN TRAN;
	UPDATE BAINOP
	SET DIEM = 9.0,
	    NHANXET = N'Bài nộp được cập nhật để kiểm tra cảnh báo điểm'
	WHERE MABT = 1 AND MATHAMGIA = 1;

	UPDATE BAINOP
	SET DIEM = 8.2,
	    NHANXET = N'Bài nộp khác cùng lớp để kiểm tra cảnh báo điểm'
	WHERE MABT = 1 AND MATHAMGIA = 2;

	PRINT N'Kết quả thành công: hệ thống đã cập nhật cảnh báo học tập tự động cho các bài nộp hợp lệ.';
	ROLLBACK TRAN;
END TRY
BEGIN CATCH
	PRINT N'Lỗi không mong muốn ở test thành công của TRG_CANHBAO_DIEM: ' + ERROR_MESSAGE();
	IF XACT_STATE() <> 0 ROLLBACK TRAN;
END CATCH;
GO

BEGIN TRY
	BEGIN TRAN;
	UPDATE BAINOP
	SET DIEM = 9.1,
	    NHANXET = N'Lần cập nhật thứ nhất cho cùng một học viên và cùng một lớp'
	WHERE MABT = 1 AND MATHAMGIA = 1;

	UPDATE BAINOP
	SET DIEM = 9.4,
	    NHANXET = N'Lần cập nhật thứ hai sẽ gây trùng khóa CANHBAO'
	WHERE MABT = 1 AND MATHAMGIA = 1;

	PRINT N'Lỗi: lẽ ra phải bị chặn vì trigger đang tạo trùng cảnh báo điểm cho cùng học viên và cùng lớp.';
	ROLLBACK TRAN;
END TRY
BEGIN CATCH
	PRINT N'Kết quả thất bại mong đợi: ' + ERROR_MESSAGE();
	IF XACT_STATE() <> 0 ROLLBACK TRAN;
END CATCH;
GO

PRINT N'===============================';
PRINT N'7. TRG_UNIQUE_THAMGIA';
PRINT N'===============================';
GO

BEGIN TRY
	BEGIN TRAN;
	SET IDENTITY_INSERT LOPHOC ON;
	INSERT INTO LOPHOC (MALH, MAMH, MAND, TENLH, SOSVTOIDA, LOAILH, TRANGTHAI, NGAYBATDAU, NGAYKETTHUC)
	VALUES (9030, 1, 15, N'Lớp kiểm tra trùng tham gia - hợp lệ', 10, N'Online', N'Đang mở', '2025-04-01', '2025-07-01');
	SET IDENTITY_INSERT LOPHOC OFF;

	SET IDENTITY_INSERT THAMGIALOP ON;
	INSERT INTO THAMGIALOP (MATHAMGIA, MALH, MAND, NGAYDANGKY, TRANGTHAI)
	VALUES (9031, 9030, 108, '2025-04-02T08:00:00', N'Đang học');
	SET IDENTITY_INSERT THAMGIALOP OFF;

	PRINT N'Kết quả thành công: học sinh được đăng ký lớp lần đầu.';
	ROLLBACK TRAN;
END TRY
BEGIN CATCH
	SET IDENTITY_INSERT LOPHOC OFF;
	SET IDENTITY_INSERT THAMGIALOP OFF;
	PRINT N'Lỗi không mong muốn ở test thành công của TRG_UNIQUE_THAMGIA: ' + ERROR_MESSAGE();
	IF XACT_STATE() <> 0 ROLLBACK TRAN;
END CATCH;
GO

BEGIN TRY
	BEGIN TRAN;
	SET IDENTITY_INSERT LOPHOC ON;
	INSERT INTO LOPHOC (MALH, MAMH, MAND, TENLH, SOSVTOIDA, LOAILH, TRANGTHAI, NGAYBATDAU, NGAYKETTHUC)
	VALUES (9032, 1, 15, N'Lớp kiểm tra trùng tham gia - không hợp lệ', 10, N'Online', N'Đang mở', '2025-04-01', '2025-07-01');
	SET IDENTITY_INSERT LOPHOC OFF;

	SET IDENTITY_INSERT THAMGIALOP ON;
	INSERT INTO THAMGIALOP (MATHAMGIA, MALH, MAND, NGAYDANGKY, TRANGTHAI)
	VALUES (9033, 9032, 108, '2025-04-02T08:00:00', N'Đang học');

	INSERT INTO THAMGIALOP (MATHAMGIA, MALH, MAND, NGAYDANGKY, TRANGTHAI)
	VALUES (9034, 9032, 108, '2025-04-02T08:05:00', N'Đang học');
	SET IDENTITY_INSERT THAMGIALOP OFF;

	PRINT N'Lỗi: lẽ ra phải bị chặn vì học sinh đã đăng ký lớp này rồi.';
	ROLLBACK TRAN;
END TRY
BEGIN CATCH
	SET IDENTITY_INSERT LOPHOC OFF;
	SET IDENTITY_INSERT THAMGIALOP OFF;
	PRINT N'Kết quả thất bại mong đợi: ' + ERROR_MESSAGE();
	IF XACT_STATE() <> 0 ROLLBACK TRAN;
END CATCH;
GO

PRINT N'===============================';
PRINT N'8. TRG_UNIQUE_DANHGIA';
PRINT N'===============================';
GO

BEGIN TRY
	BEGIN TRAN;
	SET IDENTITY_INSERT LOPHOC ON;
	INSERT INTO LOPHOC (MALH, MAMH, MAND, TENLH, SOSVTOIDA, LOAILH, TRANGTHAI, NGAYBATDAU, NGAYKETTHUC)
	VALUES (9040, 1, 15, N'Lớp kiểm tra đánh giá - hợp lệ', 10, N'Online', N'Đang mở', '2025-05-01', '2025-08-01');
	SET IDENTITY_INSERT LOPHOC OFF;

	SET IDENTITY_INSERT THAMGIALOP ON;
	INSERT INTO THAMGIALOP (MATHAMGIA, MALH, MAND, NGAYDANGKY, TRANGTHAI)
	VALUES (9041, 9040, 108, '2025-05-02T08:00:00', N'Đang học');
	SET IDENTITY_INSERT THAMGIALOP OFF;

	SET IDENTITY_INSERT DANHGIA ON;
	INSERT INTO DANHGIA (MADG, MATHAMGIA, DIEMDG, NHANXET, NGAYDG)
	VALUES (9042, 9041, 8.0, N'Đánh giá hợp lệ', '2025-05-10T08:00:00');
	SET IDENTITY_INSERT DANHGIA OFF;

	PRINT N'Kết quả thành công: đánh giá lần đầu được ghi nhận.';
	ROLLBACK TRAN;
END TRY
BEGIN CATCH
	SET IDENTITY_INSERT LOPHOC OFF;
	SET IDENTITY_INSERT THAMGIALOP OFF;
	SET IDENTITY_INSERT DANHGIA OFF;
	PRINT N'Lỗi không mong muốn ở test thành công của TRG_UNIQUE_DANHGIA: ' + ERROR_MESSAGE();
	IF XACT_STATE() <> 0 ROLLBACK TRAN;
END CATCH;
GO

BEGIN TRY
	BEGIN TRAN;
	SET IDENTITY_INSERT LOPHOC ON;
	INSERT INTO LOPHOC (MALH, MAMH, MAND, TENLH, SOSVTOIDA, LOAILH, TRANGTHAI, NGAYBATDAU, NGAYKETTHUC)
	VALUES (9043, 1, 15, N'Lớp kiểm tra đánh giá - không hợp lệ', 10, N'Online', N'Đang mở', '2025-05-01', '2025-08-01');
	SET IDENTITY_INSERT LOPHOC OFF;

	SET IDENTITY_INSERT THAMGIALOP ON;
	INSERT INTO THAMGIALOP (MATHAMGIA, MALH, MAND, NGAYDANGKY, TRANGTHAI)
	VALUES (9044, 9043, 108, '2025-05-02T08:00:00', N'Đang học');
	SET IDENTITY_INSERT THAMGIALOP OFF;

	SET IDENTITY_INSERT DANHGIA ON;
	INSERT INTO DANHGIA (MADG, MATHAMGIA, DIEMDG, NHANXET, NGAYDG)
	VALUES (9045, 9044, 8.0, N'Đánh giá lần 1', '2025-05-10T08:00:00');

	INSERT INTO DANHGIA (MADG, MATHAMGIA, DIEMDG, NHANXET, NGAYDG)
	VALUES (9046, 9044, 7.5, N'Đánh giá lần 2', '2025-05-11T08:00:00');
	SET IDENTITY_INSERT DANHGIA OFF;

	PRINT N'Lỗi: lẽ ra phải bị chặn vì chỉ được đánh giá một lần.';
	ROLLBACK TRAN;
END TRY
BEGIN CATCH
	SET IDENTITY_INSERT LOPHOC OFF;
	SET IDENTITY_INSERT THAMGIALOP OFF;
	SET IDENTITY_INSERT DANHGIA OFF;
	PRINT N'Kết quả thất bại mong đợi: ' + ERROR_MESSAGE();
	IF XACT_STATE() <> 0 ROLLBACK TRAN;
END CATCH;
GO

PRINT N'===============================';
PRINT N'9. TRG_CHECK_DATE';
PRINT N'===============================';
GO

BEGIN TRY
	BEGIN TRAN;
	SET IDENTITY_INSERT LOPHOC ON;
	INSERT INTO LOPHOC (MALH, MAMH, MAND, TENLH, SOSVTOIDA, LOAILH, TRANGTHAI, NGAYBATDAU, NGAYKETTHUC)
	VALUES (9050, 1, 15, N'Lớp kiểm tra ngày tháng - hợp lệ', 20, N'Online', N'Đang mở', '2025-06-01', '2025-09-01');
	SET IDENTITY_INSERT LOPHOC OFF;
	PRINT N'Kết quả thành công: ngày kết thúc hợp lệ.';
	ROLLBACK TRAN;
END TRY
BEGIN CATCH
	SET IDENTITY_INSERT LOPHOC OFF;
	PRINT N'Lỗi không mong muốn ở test thành công của TRG_CHECK_DATE: ' + ERROR_MESSAGE();
	IF XACT_STATE() <> 0 ROLLBACK TRAN;
END CATCH;
GO

BEGIN TRY
	BEGIN TRAN;
	SET IDENTITY_INSERT LOPHOC ON;
	INSERT INTO LOPHOC (MALH, MAMH, MAND, TENLH, SOSVTOIDA, LOAILH, TRANGTHAI, NGAYBATDAU, NGAYKETTHUC)
	VALUES (9051, 1, 15, N'Lớp kiểm tra ngày tháng - không hợp lệ', 20, N'Online', N'Đang mở', '2025-09-01', '2025-06-01');
	SET IDENTITY_INSERT LOPHOC OFF;
	PRINT N'Lỗi: lẽ ra phải bị chặn vì ngày kết thúc nhỏ hơn ngày bắt đầu.';
	ROLLBACK TRAN;
END TRY
BEGIN CATCH
	SET IDENTITY_INSERT LOPHOC OFF;
	PRINT N'Kết quả thất bại mong đợi: ' + ERROR_MESSAGE();
	IF XACT_STATE() <> 0 ROLLBACK TRAN;
END CATCH;
GO

PRINT N'===============================';
PRINT N'10. TRG_CHECK_HANNOP';
PRINT N'===============================';
GO

BEGIN TRY
	BEGIN TRAN;
	SET IDENTITY_INSERT BAITAP ON;
	INSERT INTO BAITAP (MABT, MALH, MAND, TIEUDE, NOIDUNG, HANNOP, NGAYTAO, DIEMTOIDA)
	VALUES (9052, 1, 15, N'Bài tập kiểm tra hạn nộp - hợp lệ', N'Nội dung kiểm tra.', '2025-06-10', '2025-06-01T08:00:00', 10);
	SET IDENTITY_INSERT BAITAP OFF;
	PRINT N'Kết quả thành công: hạn nộp hợp lệ.';
	ROLLBACK TRAN;
END TRY
BEGIN CATCH
	SET IDENTITY_INSERT BAITAP OFF;
	PRINT N'Lỗi không mong muốn ở test thành công của TRG_CHECK_HANNOP: ' + ERROR_MESSAGE();
	IF XACT_STATE() <> 0 ROLLBACK TRAN;
END CATCH;
GO

BEGIN TRY
	BEGIN TRAN;
	SET IDENTITY_INSERT BAITAP ON;
	INSERT INTO BAITAP (MABT, MALH, MAND, TIEUDE, NOIDUNG, HANNOP, NGAYTAO, DIEMTOIDA)
	VALUES (9053, 1, 15, N'Bài tập kiểm tra hạn nộp - không hợp lệ', N'Nội dung kiểm tra.', '2025-05-01', '2025-06-01T08:00:00', 10);
	SET IDENTITY_INSERT BAITAP OFF;
	PRINT N'Lỗi: lẽ ra phải bị chặn vì hạn nộp nhỏ hơn ngày tạo.';
	ROLLBACK TRAN;
END TRY
BEGIN CATCH
	SET IDENTITY_INSERT BAITAP OFF;
	PRINT N'Kết quả thất bại mong đợi: ' + ERROR_MESSAGE();
	IF XACT_STATE() <> 0 ROLLBACK TRAN;
END CATCH;
GO

PRINT N'===============================';
PRINT N'11. TRG_CHECK_LICHHOC';
PRINT N'===============================';
GO

BEGIN TRY
	BEGIN TRAN;
	SET IDENTITY_INSERT LICHHOC ON;
	INSERT INTO LICHHOC (MALICH, MALH, THOIGIANBD, THOIGIANKT, HINHTHUC, NGAYHOC, NGAYTRONGTUAN)
	VALUES (9054, 1, '08:00:00', '09:30:00', N'Online', '2025-06-05', 3);
	SET IDENTITY_INSERT LICHHOC OFF;
	PRINT N'Kết quả thành công: thời gian lịch học hợp lệ.';
	ROLLBACK TRAN;
END TRY
BEGIN CATCH
	SET IDENTITY_INSERT LICHHOC OFF;
	PRINT N'Lỗi không mong muốn ở test thành công của TRG_CHECK_LICHHOC: ' + ERROR_MESSAGE();
	IF XACT_STATE() <> 0 ROLLBACK TRAN;
END CATCH;
GO

BEGIN TRY
	BEGIN TRAN;
	SET IDENTITY_INSERT LICHHOC ON;
	INSERT INTO LICHHOC (MALICH, MALH, THOIGIANBD, THOIGIANKT, HINHTHUC, NGAYHOC, NGAYTRONGTUAN)
	VALUES (9055, 1, '10:00:00', '09:00:00', N'Online', '2025-06-05', 3);
	SET IDENTITY_INSERT LICHHOC OFF;
	PRINT N'Lỗi: lẽ ra phải bị chặn vì thời gian kết thúc nhỏ hơn thời gian bắt đầu.';
	ROLLBACK TRAN;
END TRY
BEGIN CATCH
	SET IDENTITY_INSERT LICHHOC OFF;
	PRINT N'Kết quả thất bại mong đợi: ' + ERROR_MESSAGE();
	IF XACT_STATE() <> 0 ROLLBACK TRAN;
END CATCH;
GO

PRINT N'Hoàn tất kiểm tra các trigger.';
